c	s	e	nu_bp	acc_bp	block	nonunique_frac_of_accessible	key	class	ratio_MQ0
1	24000000	31300000	329867	5026449	chr1:24.0	0.06562625026136742	chr1:24.0	elevated diversity	0.96836467078601
10	66700000	69400000	33494	1478115	chr10:66.7	0.02265994188544193	chr10:66.7	elevated diversity	0.9545334608143884
11	44100000	45500000	22764	680322	chr11:44.1	0.03346062599768933	chr11:44.1	elevated diversity	0.9680896956702228
13	33500000	39000000	148612	3835566	chr13:33.5	0.03874578093559073	chr13:33.5	elevated diversity	0.930010063542384
21	0	9400000	2133300	5859548	chr21:0.0	0.36407245063953736	chr21:0.0	under-mapped	0.6823308114122315
21	74400000	79400000	1193060	3052244	chr21:74.4	0.3908796282341779	chr21:74.4	under-mapped	0.658530072466659
23	100000	5600000	286076	2341367	chr23:0.1	0.12218332281953236	chr23:0.1	collapsed duplication	1.7750322385088455
23	62400000	65300000	150773	1994987	chr23:62.4	0.07557593107123003	chr23:62.4	under-mapped	0.8771869544148608
23	65700000	67700000	140200	1371065	chr23:65.7	0.1022562752312983	chr23:65.7	elevated diversity	1.071639885339431
25	61400000	63800000	204163	816103	chr25:61.4	0.2501681773011495	chr25:61.4	collapsed duplication	1.1642440063358537
29	34400000	40700000	1095110	3614988	chr29:34.4	0.3029359986810468	chr29:34.4	under-mapped	0.8613406841117563
30	17300000	18500000	16115	698890	chr30:17.3	0.023057991958677332	chr30:17.3	collapsed duplication	2.193931857742772
34	29900000	44700000	2233341	6861948	chr34:29.9	0.3254674911555727	chr34:29.9	under-mapped	0.8052059211148938
35	59700000	65099999	113655	2609641	chr35:59.7	0.04355196749284672	chr35:59.7	collapsed duplication	1.5331747249495302
38	19000000	31800000	2834970	9361696	chr38:19.0	0.3028265391228256	chr38:19.0	under-mapped	0.8655138506321842
38	61500000	68000000	377571	2220825	chr38:61.5	0.1700138462058019	chr38:61.5	collapsed duplication	1.4385220555810505
43	45700000	61600000	2855194	9238496	chr43:45.7	0.3090539845446705	chr43:45.7	elevated diversity	0.9282092946499956
44	8800000	11700000	68283	1424188	chr44:8.8	0.04794521509800673	chr44:8.8	elevated diversity	0.9614797355491778
6	12000000	18900000	1409190	3148616	chr6:12.0	0.4475585463581459	chr6:12.0	under-mapped	0.6156734511357745
6	19300000	23200000	752946	1826410	chr6:19.3	0.4122546416193516	chr6:19.3	under-mapped	0.664734622984748
8	29700000	35500000	220664	3024334	chr8:29.7	0.07296284074444159	chr8:29.7	elevated diversity	0.9778007002483
9	27200000	29900000	114644	1272949	chr9:27.2	0.09006173852998038	chr9:27.2	collapsed duplication	1.192941903839137
